page,size,sizediff,timestamp
சிறு பஞ்ச மூலம்,39213,39213,2015-03-06T23:02:57Z
சிறு பஞ்ச மூலம்,39226,13,2015-03-06T23:04:05Z
கம்பராமாயணம்/யுத்த காண்டம்/நாகபாசப் படலம்,165880,44,2015-06-11T01:34:06Z
கம்பராமாயணம்/யுத்த காண்டம்/நாகபாசப் படலம்,165882,2,2015-06-11T01:35:11Z
கம்பராமாயணம்/கிட்கிந்தா காண்டம்/தானை காண் படலம்,23613,167,2015-06-25T00:25:06Z
கலைக் களஞ்சியம் அம்மாலன-அரேபியா.pdf/61,14713,14713,2015-12-03T10:38:35Z
பக்கம்:கலைக் களஞ்சியம் அம்மாலன-அரேபியா.pdf/61,14713,14713,2015-12-03T10:40:01Z
விக்கிமூலம்:தமிழக அரசின் நாட்டுடைமையாக்கப்பட்ட நூல்கள் பதிவேற்றத் திட்டம்,3970,158,2016-01-11T15:31:10Z
விக்கிமூலம் பேச்சு:தமிழக அரசின் நாட்டுடைமையாக்கப்பட்ட நூல்கள் பதிவேற்றத் திட்டம்,10301,563,2016-01-16T00:58:03Z
பயனர்:TamilBOT,3929,158,2016-01-25T11:24:24Z
பக்கம்:குறிஞ்சி மலர்.pdf/7,4151,0,2016-04-26T15:38:04Z
குறிஞ்சி மலர்.pdf/700,11,11,2016-04-27T17:56:09Z
பக்கம்:குறிஞ்சி மலர்.pdf/500,3,3,2016-04-27T17:56:47Z
குறிஞ்சி மலர்.pdf/700,22,11,2016-04-27T17:57:07Z
பேச்சு:Main Page,34,34,2016-04-27T21:16:46Z
பக்கம்:குறிஞ்சி மலர்.pdf/500,35,32,2016-04-28T06:39:54Z
பக்கம்:குறிஞ்சி மலர்.pdf/500,99,64,2016-04-28T06:44:02Z
பக்கம்:இராமநாதபுரம் மாவட்டம் வரலாற்று குறிப்புகள்.pdf/218,4132,-1,2016-04-30T10:33:23Z
பக்கம்:ஆர்மேனியன் சிறுகதைகள் (மொழிபெயர்ப்பு).pdf/25,5323,-2,2016-04-30T10:33:32Z
பக்கம்:Brahmin Versus Non-brahmin.pdf/41,3325,-1,2016-04-30T10:33:42Z
பக்கம்:Chandrahari.pdf/40,2728,-1,2016-04-30T10:33:54Z
பக்கம்:Lord Buddha.pdf/11,3111,-1,2016-04-30T10:34:04Z
பக்கம்:Lord Buddha.pdf/14,2072,-1,2016-04-30T10:34:14Z
பக்கம்:Siva Shrines In India and Beyond Part-2.pdf/73,4727,-1,2016-04-30T10:34:35Z
பக்கம்:Siruthondar.pdf/39,2839,-1,2016-04-30T10:34:45Z
பக்கம்:The Idle Wife.pdf/62,3653,-2,2016-04-30T10:34:55Z
பக்கம்:அந்தமான் கைதி.pdf/99,3249,-1,2016-04-30T10:35:05Z
பக்கம்:அந்தமான் கைதி.pdf/107,2377,-1,2016-04-30T10:35:15Z
பக்கம்:அருட்பா இசையமுதம்.pdf/13,2774,-1,2016-04-30T10:35:25Z
பக்கம்:ஆதி அத்தி.pdf/73,3268,-2,2016-04-30T10:36:26Z
பக்கம்:ஆய்வுப் பேழை.pdf/154,3717,-1,2016-04-30T10:36:36Z
பக்கம்:இரு விலங்கு.pdf/25,3737,-2,2016-04-30T10:37:13Z
பக்கம்:இரு விலங்கு.pdf/52,3752,-3,2016-04-30T10:37:39Z
பக்கம்:இரு விலங்கு.pdf/57,3183,-3,2016-04-30T10:37:53Z
பக்கம்:இரு விலங்கு.pdf/104,3019,-1,2016-04-30T10:38:03Z
பக்கம்:இரு விலங்கு.pdf/108,3644,-6,2016-04-30T10:38:13Z
பக்கம்:இருபெருந்தலைவர்.pdf/69,3484,-1,2016-04-30T10:38:49Z
பக்கம்:அணியறுபது-மூலமும் உரையும்.pdf/64,2471,-1,2016-04-30T10:38:59Z
பக்கம்:ஆய்வுக் கோவை.pdf/23,4795,-2,2016-04-30T10:39:09Z
பக்கம்:ஆய்வுக் கோவை.pdf/41,3740,-2,2016-04-30T10:39:19Z
பக்கம்:ஆய்வுக் கோவை.pdf/80,3546,-1,2016-04-30T10:39:35Z
பக்கம்:ஆய்வுக் கோவை.pdf/202,4272,-1,2016-04-30T10:39:45Z
பக்கம்:ஆய்வுக் கோவை.pdf/217,2995,-1,2016-04-30T10:39:55Z
பக்கம்:ஆய்வுக் கோவை.pdf/238,4460,-2,2016-04-30T10:40:05Z
பக்கம்:ஆய்வுக் கோவை.pdf/239,4321,-1,2016-04-30T10:40:15Z
பக்கம்:ஆய்வுக் கோவை.pdf/240,4002,-1,2016-04-30T10:40:25Z
பக்கம்:ஆய்வுக் கோவை.pdf/428,4028,-1,2016-04-30T10:40:35Z
பக்கம்:ஆய்வுக் கோவை.pdf/443,3697,-1,2016-04-30T10:40:45Z
பக்கம்:ஆய்வுக் கோவை.pdf/460,3914,-4,2016-04-30T10:40:55Z
பக்கம்:ஆய்வுக் கோவை.pdf/462,2821,-1,2016-04-30T10:41:05Z
பக்கம்:ஆய்வுக் கோவை.pdf/466,4391,-2,2016-04-30T10:41:15Z
பக்கம்:ஆய்வுக் கோவை.pdf/467,4245,-2,2016-04-30T10:41:25Z
பக்கம்:ஆய்வுக் கோவை.pdf/473,4194,-1,2016-04-30T10:41:35Z
பக்கம்:ஆய்வுக் கோவை.pdf/482,4108,-1,2016-04-30T10:41:45Z
பக்கம்:இந்தியா-சீனா-பாகிஸ்தான்.pdf/29,3364,-2,2016-04-30T10:41:55Z
பக்கம்:இந்தியா-சீனா-பாகிஸ்தான்.pdf/48,3680,-1,2016-04-30T10:42:05Z
பக்கம்:இந்தியா-சீனா-பாகிஸ்தான்.pdf/79,3364,-4,2016-04-30T10:42:15Z
பக்கம்:இந்தியா-சீனா-பாகிஸ்தான்.pdf/186,3713,-1,2016-04-30T10:42:25Z
பக்கம்:இந்தியா-சீனா-பாகிஸ்தான்.pdf/199,3464,-1,2016-04-30T10:42:36Z
பக்கம்:இராஜேந்திரன்.pdf/93,3794,-1,2016-04-30T10:42:45Z
பக்கம்:இலக்கியத் தூதர்கள்.pdf/4,2962,-1,2016-04-30T10:42:56Z
பக்கம்:அம்பு எய்த பழம்.pdf/101,3265,-2,2016-04-30T10:43:05Z
பக்கம்:உரிமைப் பெண்.pdf/104,3141,-1,2016-04-30T10:43:16Z
பக்கம்:இளந்துறவி (நாடகம்).pdf/90,2636,-2,2016-04-30T10:43:25Z
பக்கம்:உள்ளம் குளிர்ந்தது.pdf/50,3187,-1,2016-04-30T10:43:36Z
பக்கம்:உள்ளம் குளிர்ந்தது.pdf/51,3199,-1,2016-04-30T10:43:46Z
பக்கம்:என் ஆசிரியப்பிரான்.pdf/67,4631,-1,2016-04-30T10:43:56Z
பக்கம்:என் ஆசிரியப்பிரான்.pdf/228,5089,-1,2016-04-30T10:44:06Z
பக்கம்:எழில் உதயம்.pdf/105,3277,-2,2016-04-30T10:44:16Z
பக்கம்:ஒளிவளர் விளக்கு.pdf/11,2772,-1,2016-04-30T10:44:26Z
பக்கம்:இலட்சிய பூமி.pdf/10,2361,-1,2016-04-30T10:44:36Z
பக்கம்:கண்டறியாதன கண்டேன்.pdf/147,3906,-1,2016-04-30T10:44:46Z
பக்கம்:கதிர்காம யாத்திரை.pdf/44,3530,-1,2016-04-30T10:44:56Z
பக்கம்:கலைச் செல்வி (சிறுகதைகள்).pdf/17,2544,-1,2016-04-30T10:45:06Z
பக்கம்:கலைச் செல்வி (சிறுகதைகள்).pdf/79,3169,-1,2016-04-30T10:45:16Z
பக்கம்:கற்பக மலர்.pdf/134,2895,-2,2016-04-30T10:45:26Z
பக்கம்:கம்பன் கலை நிலை உரைநடை தொகுதி-13.pdf/125,4204,-1,2016-04-30T10:45:36Z
பக்கம்:கம்பன் கலை நிலை உரைநடை தொகுதி-13.pdf/199,4005,-2,2016-04-30T10:45:46Z
பக்கம்:கம்பன் கலை நிலை உரைநடை தொகுதி-14.pdf/31,4316,-1,2016-04-30T10:45:56Z
பக்கம்:கம்பன் கலை நிலை உரைநடை தொகுதி-14.pdf/37,4256,-1,2016-04-30T10:46:06Z
பக்கம்:கம்பன் கலை நிலை உரைநடை தொகுதி-14.pdf/50,3820,-3,2016-04-30T10:46:16Z
பக்கம்:கம்பன் கலை நிலை உரைநடை தொகுதி-2.pdf/35,4009,-2,2016-04-30T10:46:26Z
பக்கம்:கம்பன் கலை நிலை உரைநடை தொகுதி-15.pdf/86,4556,-2,2016-04-30T10:46:36Z
பக்கம்:கம்பன் கலை நிலை உரைநடை தொகுதி-15.pdf/116,4429,-2,2016-04-30T10:46:46Z
பக்கம்:கம்பன் கலை நிலை உரைநடை தொகுதி-2.pdf/166,4082,-3,2016-04-30T10:46:56Z
பக்கம்:கம்பன் கலை நிலை உரைநடை தொகுதி-1.pdf/45,4433,-1,2016-04-30T10:47:06Z
பக்கம்:கம்பன் கலை நிலை உரைநடை தொகுதி-1.pdf/131,3895,-1,2016-04-30T10:47:16Z
பக்கம்:கம்பன் கலை நிலை உரைநடை தொகுதி-1.pdf/224,4179,-1,2016-04-30T10:47:26Z
பக்கம்:கம்பன் கலை நிலை உரைநடை தொகுதி-1.pdf/301,4488,-1,2016-04-30T10:47:36Z
பக்கம்:கம்பன் கலை நிலை உரைநடை தொகுதி-1.pdf/355,4254,-1,2016-04-30T10:47:46Z
பக்கம்:கம்பன் கலை நிலை உரைநடை தொகுதி-12.pdf/253,4363,-1,2016-04-30T10:47:56Z
பக்கம்:கம்பன் கலை நிலை உரைநடை தொகுதி-15.pdf/236,4412,-1,2016-04-30T10:48:06Z
பக்கம்:கம்பன் கலை நிலை உரைநடை தொகுதி-2.pdf/180,4496,-1,2016-04-30T10:48:16Z
பக்கம்:கம்பன் கலை நிலை உரைநடை தொகுதி-2.pdf/212,4527,-1,2016-04-30T10:48:26Z
பக்கம்:கம்பன் கலை நிலை உரைநடை தொகுதி-2.pdf/224,3864,-1,2016-04-30T10:48:36Z
பக்கம்:கம்பன் கலை நிலை உரைநடை தொகுதி-2.pdf/308,3781,-2,2016-04-30T10:48:46Z
பக்கம்:உணர்வின் எல்லை.pdf/113,2835,-1,2016-04-30T10:48:57Z
பக்கம்:சரணம் சரணம்.pdf/91,3497,-4,2016-04-30T10:55:41Z
பக்கம்:சரணம் சரணம்.pdf/167,2971,-2,2016-04-30T10:55:50Z
பக்கம்:காந்தி வழிக் கதைகள்.pdf/378,2768,-3,2016-04-30T10:56:18Z
பக்கம்:சரணம் சரணம்.pdf/81,3147,-2,2016-04-30T10:56:28Z
பக்கம்:தனி வீடு.pdf/6,4633,-3,2016-04-30T10:56:54Z
பக்கம்:நீங்களும் உடலழகு பெறலாம்.pdf/83,2797,-3,2016-04-30T10:57:04Z
பக்கம்:வெண்ணிலவு நீ எனக்கு.pdf/85,3923,-3,2016-04-30T10:57:14Z
பக்கம்:தாய்மை.pdf/196,3705,-3,2016-04-30T10:57:33Z
பக்கம்:எனது நாடகவாழ்க்கை.pdf/107,4516,-2,2016-04-30T11:22:27Z
பக்கம்:எனது நாடகவாழ்க்கை.pdf/11,4078,-1,2016-04-30T11:22:37Z
பக்கம்:எனது நாடகவாழ்க்கை.pdf/118,2937,-1,2016-04-30T11:22:47Z
பக்கம்:எனது நாடகவாழ்க்கை.pdf/12,2728,-1,2016-04-30T11:22:59Z
பக்கம்:எனது நாடகவாழ்க்கை.pdf/124,4485,-1,2016-04-30T11:23:09Z
பக்கம்:எனது நாடகவாழ்க்கை.pdf/125,4124,-1,2016-04-30T11:23:19Z
பக்கம்:எனது நாடகவாழ்க்கை.pdf/173,4580,-1,2016-04-30T11:23:40Z
பக்கம்:எனது நாடகவாழ்க்கை.pdf/185,4563,-1,2016-04-30T11:24:51Z
பக்கம்:குறிஞ்சி மலர்.pdf/500,99,0,2016-04-30T12:23:28Z
பக்கம்:குறிஞ்சி மலர்.pdf/500,99,0,2016-04-30T12:25:45Z
பக்கம்:குறிஞ்சி மலர்.pdf/500,99,0,2016-04-30T12:27:49Z
பக்கம்:குறிஞ்சி மலர்.pdf/500,99,0,2016-04-30T12:29:17Z
பக்கம்:குறிஞ்சி மலர்.pdf/500,99,0,2016-04-30T12:31:13Z
பக்கம்:குறிஞ்சி மலர்.pdf/500,99,0,2016-04-30T12:31:31Z
குறிஞ்சி மலர்.pdf/500,11,11,2016-04-30T12:45:35Z
குறிஞ்சி மலர்.pdf/500,22,11,2016-04-30T12:47:28Z
குறிஞ்சி மலர்.pdf/500,33,11,2016-04-30T12:51:30Z
பக்கம்:குறிஞ்சி மலர்.pdf/500,99,0,2016-04-30T13:09:16Z
பக்கம்:குறிஞ்சி மலர்.pdf/500,99,0,2016-04-30T13:10:43Z
பக்கம்:குறிஞ்சி மலர்.pdf/500,99,0,2016-04-30T13:16:32Z
விக்கிமூலம்:தமிழக அரசின் நாட்டுடைமையாக்கப்பட்ட நூல்கள் பதிவேற்றத் திட்டம்/அந்நூல்களின் விவரப்பட்டியல்,178804,4,2016-05-01T15:03:28Z
வார்ப்புரு:Filenamefrompagename,26,26,2016-05-02T19:05:12Z
வார்ப்புரு:Filenamefrompagename,27,1,2016-05-02T19:05:36Z
அட்டவணை:1806 (ந. சஞ்சீவி).pdf,0,-319,2016-05-02T19:46:45Z
விக்கிமூலம்:தானியங்கி வேண்டுகோள்கள்,24154,410,2016-05-03T09:26:45Z
பக்கம்:குறிஞ்சி மலர்.pdf/1,0,0,2016-05-03T18:46:33Z
பக்கம்:குறிஞ்சி மலர்.pdf/1,0,0,2016-05-03T18:47:06Z
பக்கம்:குறிஞ்சி மலர்.pdf/501,0,0,2016-05-03T18:54:07Z
விக்கிமூலம்:தானியங்கி வேண்டுகோள்கள்,24570,146,2016-05-04T15:37:45Z
பக்கம்:குறிஞ்சி மலர்.pdf/501,63,63,2016-05-13T13:03:17Z
பக்கம்:குறிஞ்சி மலர்.pdf/501,24,-39,2016-05-13T13:06:04Z
பக்கம்:குறிஞ்சி மலர்.pdf/502,4,4,2016-05-13T13:09:19Z
பக்கம்:குறிஞ்சி மலர்.pdf/502,4,0,2016-05-13T13:09:48Z
விக்கிமூலம்:தானியக்க மெய்ப்பு/பிழைகள் பட்டியல்,604,107,2016-05-17T19:01:14Z
விக்கிமூலம்:தானியக்க மெய்ப்பு/பிழைகள் பட்டியல்,528,-76,2016-05-19T07:10:22Z
விக்கிமூலம்:தானியக்க மெய்ப்பு/பிழைகள் பட்டியல்,538,10,2016-05-19T07:11:48Z
பக்கம்:Sarangadara.pdf/1,1413,0,2016-05-19T12:46:53Z
பக்கம்:1806 (ந. சஞ்சீவி).pdf/2,2929,0,2016-05-19T17:09:47Z
பக்கம்:Amaladitya-An Adaptation of Shakespear.pdf/2,2805,0,2016-05-19T17:12:14Z
பக்கம்:As We Sow-So We Reap.pdf/2,2929,0,2016-05-19T17:13:00Z
பக்கம்:Blessed In A Wife.pdf/2,2929,0,2016-05-19T17:13:15Z
பக்கம்:Brahmin Versus Non-brahmin.pdf/2,2929,0,2016-05-19T17:13:31Z
பக்கம்:Bricks Between And At Any Cost.pdf/2,2929,0,2016-05-19T17:13:46Z
பக்கம்:Chandrahari.pdf/2,2929,0,2016-05-19T17:14:02Z
பக்கம்:வீர காவியம்.pdf/7,1794,0,2016-05-19T17:22:58Z
பக்கம்:வீர காவியம்.pdf/7,1700,-94,2016-05-19T17:25:24Z
விக்கிமூலம்:இந்த மாதத்தின் மெய்ப்புப் பார்ப்பு புத்தகம்,6862,1312,2016-05-23T16:43:05Z
பக்கம்:அ. மருதகாசி-பாடல்கள்.pdf/1,98,24,2016-06-03T12:18:16Z
பக்கம்:அன்னை தெரேசா.pdf/1,76,76,2016-06-03T13:02:21Z
பக்கம்:அன்பின் உருவம்.pdf/1,82,8,2016-06-03T13:02:23Z
பக்கம்:அன்பு அலறுகிறது.pdf/1,85,32,2016-06-03T13:02:26Z
பக்கம்:அன்பு மாலை.pdf/1,70,-644,2016-06-03T13:02:28Z
பக்கம்:அன்பு வெள்ளம்.pdf/1,79,79,2016-06-03T13:02:30Z
பக்கம்:அன்புத்தாய் மேகலை.pdf/1,91,-10,2016-06-03T13:02:33Z
பக்கம்:1806 (ந. சஞ்சீவி).pdf/2,2929,0,2016-06-07T18:47:11Z
பக்கம்:க. அயோத்திதாஸப் பண்டிதர் சிந்தனைகள்-1.pdf/4,1054,0,2016-06-07T19:26:03Z
க. அயோத்திதாஸப் பண்டிதர் சிந்தனைகள்-1.pdf/158,170,170,2016-06-07T19:26:03Z
விக்கிமூலம்:நிருவாக அணுக்கத்துக்கான வேண்டுகோள்,24077,167,2016-10-03T06:48:44Z
பக்கம்:தொழிலியல் விஞ்ஞானி ஜி. டி. நாயுடு.pdf/9,2811,0,2016-10-04T04:33:48Z
பக்கம்:தொழிலியல் விஞ்ஞானி ஜி. டி. நாயுடு.pdf/10,4320,-4,2016-10-04T04:36:05Z
பக்கம்:தொழிலியல் விஞ்ஞானி ஜி. டி. நாயுடு.pdf/11,4033,0,2016-10-04T04:40:18Z
பயனர் பேச்சு:Charles.a,590,282,2016-10-19T04:40:35Z
பயனர்:Tshrinivasan/common.js,80,80,2016-10-27T03:31:34Z
பயனர்:Tshrinivasan/common.js,772,692,2016-10-27T03:34:09Z
பயனர்:Tshrinivasan/common.js,329,-443,2016-10-27T03:36:34Z
பயனர்:Tshrinivasan/common.js,396,67,2016-10-27T04:06:46Z
பயனர்:Tshrinivasan/common.js,414,18,2016-10-27T04:07:38Z
பயனர்:Tshrinivasan/common.js,543,129,2016-10-27T08:06:39Z
பயனர்:Tshrinivasan/common.js,575,32,2016-10-27T08:09:20Z
பயனர்:Tshrinivasan/common.js,730,155,2016-10-27T08:11:10Z
பயனர்:Tshrinivasan/common.js,731,1,2016-10-27T08:12:40Z
பயனர்:Tshrinivasan/common.js,735,4,2016-10-27T08:13:43Z
பயனர்:Tshrinivasan/common.js,731,-4,2016-10-27T08:17:42Z
பயனர்:Tshrinivasan/common.js,737,6,2016-11-04T10:53:23Z
பேச்சு:திருக்குறள் பரிமேலழகர் உரை,272,272,2016-11-06T04:12:34Z
பேச்சு:திருக்குறள் பரிமேலழகர் உரை,281,9,2016-11-06T04:14:17Z
பக்கம்:மனத்தின் தோற்றம்-ஆய்வுக் கட்டுரைகள்.pdf/57,3746,3,2017-01-08T07:55:32Z
பக்கம்:மனத்தின் தோற்றம்-ஆய்வுக் கட்டுரைகள்.pdf/171,2773,-1,2017-01-09T10:58:27Z
பக்கம்:மனத்தின் தோற்றம்-ஆய்வுக் கட்டுரைகள்.pdf/171,2772,-1,2017-01-09T11:03:06Z
பக்கம்:மனத்தின் தோற்றம்-ஆய்வுக் கட்டுரைகள்.pdf/171,2771,-1,2017-01-09T11:03:16Z
பக்கம்:மனத்தின் தோற்றம்-ஆய்வுக் கட்டுரைகள்.pdf/171,2787,16,2017-01-09T11:52:07Z
பக்கம்:மனத்தின் தோற்றம்-ஆய்வுக் கட்டுரைகள்.pdf/171,2787,0,2017-01-09T11:52:23Z
பக்கம்:இலக்கியங்கண்ட காவலர்.pdf/106,2811,1,2017-02-11T12:07:54Z
பக்கம்:இலக்கியங்கண்ட காவலர்.pdf/106,2810,-1,2017-02-11T17:22:33Z
பக்கம்:வல்லிக்கண்ணன் கடிதங்கள்.pdf/80,2930,-17,2017-02-11T18:17:17Z
பக்கம்:வல்லிக்கண்ணன் கடிதங்கள்.pdf/80,2930,0,2017-02-11T18:17:26Z
பக்கம்:வல்லிக்கண்ணன் கடிதங்கள்.pdf/80,2930,0,2017-02-11T18:17:43Z
பக்கம்:வல்லிக்கண்ணன் கடிதங்கள்.pdf/80,2929,-1,2017-02-11T18:18:05Z
பக்கம்:வல்லிக்கண்ணன் கடிதங்கள்.pdf/80,2941,12,2017-02-11T18:19:07Z
பக்கம்:வல்லிக்கண்ணன் கடிதங்கள்.pdf/80,2940,-1,2017-02-11T18:19:27Z
பக்கம்:கடக்கிட்டி முடக்கிட்டி.pdf/11,2226,3,2017-03-28T02:59:13Z
பக்கம்:தமிழ் வளர்ந்த கதை.pdf/16,2379,3,2017-03-29T07:07:58Z
பக்கம்:புறநானூற்றுச் சிறுகதைகள்.pdf/13,4097,115,2017-04-06T14:21:54Z
விக்கிமூலம்:ஆலமரத்தடி,23404,790,2017-04-23T13:27:17Z
பக்கம்:புறநானூற்றுச் சிறுகதைகள்.pdf/194,1071,49,2017-05-02T10:49:35Z
பக்கம்:புறநானூற்றுச் சிறுகதைகள்.pdf/194,1071,0,2017-05-02T10:49:53Z
பக்கம்:ஈரோட்டுத் தாத்தா.pdf/15,1712,116,2017-06-29T11:30:28Z
பக்கம்:ஏட்டில் இல்லாத மகாபாரதக் கதைகள்.pdf/120,1030,0,2017-07-07T08:20:13Z
விக்கிமூலம்:ஒத்தாசைப் பக்கம்,817,-36,2017-07-20T04:01:46Z
பயனர்:Tshrinivasan/common.js,854,117,2017-07-23T09:37:55Z
பயனர்:Tshrinivasan/common.js,857,3,2017-07-23T10:17:18Z
அட்டவணை:தந்தையின் காதலி-தமிழாக்கம்.pdf,302,302,2017-10-23T06:03:44Z
பக்கம்:சிந்தாநதி-நினைவலைகள்.pdf/6,1668,-34,2017-10-23T09:03:39Z
பக்கம்:சிந்தாநதி-நினைவலைகள்.pdf/6,1667,-1,2017-10-23T09:04:15Z
பாற்கடல்,1048644,1048644,2017-12-20T03:11:10Z
பாற்கடல்,0,-1048644,2017-12-20T04:24:43Z
பாற்கடல்,5276,5276,2017-12-20T04:26:50Z
பாற்கடல்/அத்தியாயம்-1,41277,41277,2017-12-20T04:29:02Z
பாற்கடல்/அத்தியாயம்-2,48088,48088,2017-12-20T04:29:50Z
பாற்கடல்/அத்தியாயம்-3,22989,22989,2017-12-20T04:30:33Z
பாற்கடல்/அத்தியாயம்-4,35190,35190,2017-12-20T04:31:13Z
பாற்கடல்/அத்தியாயம்-5,56514,56514,2017-12-20T04:31:57Z
பாற்கடல்/அத்தியாயம்-6,51541,51541,2017-12-20T04:32:49Z
பாற்கடல்/அத்தியாயம்-7,61549,61549,2017-12-20T04:33:27Z
பாற்கடல்/அத்தியாயம்-8,44369,44369,2017-12-20T04:34:09Z
பாற்கடல்/அத்தியாயம்-9,60725,60725,2017-12-20T04:35:04Z
பாற்கடல்/அத்தியாயம்-10,37754,37754,2017-12-20T04:35:39Z
பாற்கடல்/அத்தியாயம்-11,69941,69941,2017-12-20T04:36:18Z
பாற்கடல்/அத்தியாயம்-12,70160,70160,2017-12-20T04:36:55Z
பாற்கடல்/அத்தியாயம்-13,67865,67865,2017-12-20T04:37:32Z
பாற்கடல்/அத்தியாயம்-14,68913,68913,2017-12-20T04:38:07Z
பாற்கடல்/அத்தியாயம்-15,64366,64366,2017-12-20T04:38:43Z
பாற்கடல்/அத்தியாயம்-16,27619,27619,2017-12-20T04:39:14Z
பாற்கடல்/அத்தியாயம்-17,64358,64358,2017-12-20T04:39:56Z
பாற்கடல்/அத்தியாயம்-18,46137,46137,2017-12-20T04:40:37Z
பாற்கடல்/அத்தியாயம்-19,55751,55751,2017-12-20T04:41:13Z
பாற்கடல்/அத்தியாயம்-20,54066,54066,2017-12-20T04:41:48Z
பயனர் பேச்சு:Tshrinivasan,9101,263,2017-12-20T17:59:37Z
எங்கே போகிறோம்,19295,19295,2017-12-21T02:04:18Z
எங்கே போகிறோம்,19629,334,2017-12-21T02:05:19Z
எங்கே போகிறோம்/1. சுதந்திர தின விழாச் சிந்தனைகள்,44079,44079,2017-12-21T02:06:26Z
எங்கே போகிறோம்/2. கல்விச் சிந்தனைகள்,46686,46686,2017-12-21T02:07:44Z
எங்கே போகிறோம்/3. உழைப்புச் சிந்தனைகள்,48067,48067,2017-12-21T02:08:43Z
எங்கே போகிறோம்/4. வளர்ச்சி-மாற்றம்,46667,46667,2017-12-21T02:09:32Z
எங்கே போகிறோம்/5. பொருளாதாரச் சிந்தனைகள்,54032,54032,2017-12-21T02:10:22Z
எங்கே போகிறோம்/6. வேளாண்மைச் சிந்தனைகள்,45355,45355,2017-12-21T02:11:04Z
எங்கே போகிறோம்/7. கால்நடை பொருளாதாரச் சிந்தனைகள்,41569,41569,2017-12-21T02:11:43Z
எங்கே போகிறோம்/8. பொருளாதார வளர்ச்சியில் - கூட்டுறவின் பங்கு,47418,47418,2017-12-21T02:12:18Z
எங்கே போகிறோம்/9. இலட்சிய சமுதாயம்,43947,43947,2017-12-21T02:12:56Z
எங்கே போகிறோம்/10. சமுதாய மேம்பாட்டில் இலக்கியத்தின் பங்கு,45936,45936,2017-12-21T02:13:32Z
எங்கே போகிறோம்/11. சமுதாய மேம்பாட்டில் ஆன்மிகத்தின் பங்கு,39159,39159,2017-12-21T02:14:10Z
எங்கே போகிறோம்/12. எங்கே போகவேண்டும்,44949,44949,2017-12-21T02:14:45Z
எங்கே போகிறோம்/தவத்திரு அடிகளார் அவர்களின் சிந்தனைத் துளிகள்,7720,7720,2017-12-21T02:15:19Z
எங்கே போகிறோம்,20249,620,2017-12-21T02:24:40Z
எங்கே போகிறோம்/2. கல்விச் சிந்தனைகள்,47062,376,2017-12-21T02:27:10Z
எங்கே போகிறோம்/1. சுதந்திர தின விழாச் சிந்தனைகள்,44484,405,2017-12-21T02:28:48Z
எங்கே போகிறோம்/3. உழைப்புச் சிந்தனைகள்,48439,372,2017-12-21T02:29:28Z
எங்கே போகிறோம்/4. வளர்ச்சி-மாற்றம்,47044,377,2017-12-21T02:30:02Z
எங்கே போகிறோம்/5. பொருளாதாரச் சிந்தனைகள்,54425,393,2017-12-21T02:30:37Z
எங்கே போகிறோம்/6. வேளாண்மைச் சிந்தனைகள்,45766,411,2017-12-21T02:31:17Z
எங்கே போகிறோம்/6. வேளாண்மைச் சிந்தனைகள்,45769,3,2017-12-21T02:31:35Z
எங்கே போகிறோம்/7. கால்நடை பொருளாதாரச் சிந்தனைகள்,42040,471,2017-12-21T02:32:11Z
எங்கே போகிறோம்/8. பொருளாதார வளர்ச்சியில் - கூட்டுறவின் பங்கு,47847,429,2017-12-21T02:32:50Z
எங்கே போகிறோம்/9. இலட்சிய சமுதாயம்,44373,426,2017-12-21T02:33:27Z
எங்கே போகிறோம்/10. சமுதாய மேம்பாட்டில் இலக்கியத்தின் பங்கு,46424,488,2017-12-21T02:34:02Z
எங்கே போகிறோம்/11. சமுதாய மேம்பாட்டில் ஆன்மிகத்தின் பங்கு,39586,427,2017-12-21T02:34:38Z
எங்கே போகிறோம்/12. எங்கே போகவேண்டும்,45394,445,2017-12-21T02:35:13Z
எங்கே போகிறோம்/தவத்திரு அடிகளார் அவர்களின் சிந்தனைத் துளிகள்,8102,382,2017-12-21T02:35:38Z
எங்கே போகிறோம்,20249,0,2017-12-21T02:36:33Z
எங்கே போகிறோம்,20249,0,2017-12-21T02:37:27Z
எங்கே போகிறோம்?,73,73,2017-12-21T02:37:28Z
பயனர் பேச்சு:Tshrinivasan,9969,319,2017-12-21T15:42:59Z
பயனர்:Tshrinivasan/vector.js,63,63,2018-06-21T14:28:13Z
பயனர்:Tshrinivasan/Hideside.js,1928,1928,2018-06-21T14:29:39Z
பயனர்:Tshrinivasan/vector.js,57,-6,2018-06-21T14:31:30Z
பயனர்:Tshrinivasan/vector.js,139,82,2018-06-21T14:34:21Z
பயனர்:Tshrinivasan/vector.js,144,5,2018-06-21T14:35:22Z
பயனர்:Tshrinivasan/Gadget-defaultsummaries.js,6242,6242,2018-06-21T14:38:02Z
பயனர்:Tshrinivasan/vector.js,131,-13,2018-06-21T14:38:49Z
பயனர்:Tshrinivasan/vector.js,139,8,2018-06-21T14:43:46Z
பயனர்:Tshrinivasan/vector.js,145,6,2018-06-21T17:26:38Z
பக்கம்:கிரேக்க நாட்டுப் பழமைப் பண்புகள்.pdf/10,2986,-11,2018-07-06T10:20:22Z
பயனர்:Tshrinivasan/common.js,990,133,2018-12-07T14:42:52Z
பக்கம்:குக்கூ.pdf/55,663,40,2018-12-08T14:22:47Z
பக்கம்:வரலாற்றுக்கு முன் வடக்கும் தெற்கும்.pdf/77,4067,-1,2018-12-08T14:48:47Z
விக்கிமூலம்:கணியம் திட்டம்,1665,295,2018-12-21T10:26:33Z
விக்கிமூலம்:கணியம் திட்டம்,1737,72,2018-12-21T10:35:23Z
விக்கிமூலம்:கணியம் திட்டம்,1863,126,2018-12-21T10:36:54Z
விக்கிமூலம்:கணியம் திட்டம்,16319,76,2018-12-31T06:37:42Z
விக்கிமூலம்:கணியம் திட்டம்,16319,0,2018-12-31T06:38:10Z
விக்கிமூலம்:கணியம் திட்டம்,16321,2,2018-12-31T06:39:16Z
விக்கிமூலம்:கணியம் திட்டம்,21259,10,2019-05-11T09:54:16Z
விக்கிமூலம்:கணியம் திட்டம்,21269,10,2019-05-11T09:54:38Z
விக்கிமூலம் பேச்சு:பயிற்சிப்பட்டறை - 2019,10017,604,2019-06-10T10:54:02Z
விக்கிமூலம்:ஆலமரத்தடி,69248,2134,2019-06-10T11:03:01Z
விக்கிமூலம் பேச்சு:கணியம் திட்டம்,16408,310,2019-07-03T05:14:32Z
பக்கம்:வாழ்க்கை.pdf/18,3197,2,2020-06-05T08:09:35Z
மீடியாவிக்கி பேச்சு:Sidebar,17129,1201,2020-06-28T14:29:00Z
விக்கிமூலம்:இணையவழிப் பயிலரங்கு-1,6023,-85,2020-10-03T09:33:59Z
